tx_hash,gas_used,function,input_hex
0xc7f3646da0463afe4a37432d18d5e85b6c18f6dc106527cd8a9baa6e8cd6c76a,71468,f1,fb84027400000000000000000000000058c085439954d727e3bce1bce92a4126cc3b31df0000000000000000000000000000000000000000000000000000000000000001
0xc3e693639570ceeb73dc9075d9841f893448580ae44ac245fe4742dc970ef9be,36320,f2,db56ac6300000000000000000000000058c085439954d727e3bce1bce92a4126cc3b31df0000000000000000000000000000000000000000000000000000000000000001
0x39ea015be2ec2f61f59b629ce553770ac43dd0f70ed7cca4f6528cf85f496580,43286,f3,8920382000000000000000000000000058c085439954d727e3bce1bce92a4126cc3b31df0000000000000000000000000000000000000000000000000000000000000001
0xdecf405338db87f6a2aeeebb0f94387ad55c5ffc68cc139a56e87ea6b0447c63,71468,f1,fb84027400000000000000000000000058c085439954d727e3bce1bce92a4126cc3b31df0000000000000000000000000000000000000000000000000000000000000001
0x02f61eb844c0d17cb90112c2755dd444dc0a89b5633fbf781c615f4c905235c2,36320,f2,db56ac6300000000000000000000000058c085439954d727e3bce1bce92a4126cc3b31df0000000000000000000000000000000000000000000000000000000000000001
0xaa87e9891f50c67eb45ce23f8c0f16a924a41a702ef9c14c793bedf4a30d73d0,43286,f3,8920382000000000000000000000000058c085439954d727e3bce1bce92a4126cc3b31df0000000000000000000000000000000000000000000000000000000000000001
0xaf5a44f0555ed0043adaa7fbab5f78b55a366d8ee987a221dd8fb6e460881daf,71468,f1,fb84027400000000000000000000000058c085439954d727e3bce1bce92a4126cc3b31df0000000000000000000000000000000000000000000000000000000000000001
0x525cb74e678e88f7f08abf6fa00a3d34ec5199b693a81c7bd60a224c5aae0849,36320,f2,db56ac6300000000000000000000000058c085439954d727e3bce1bce92a4126cc3b31df0000000000000000000000000000000000000000000000000000000000000001
0xf211216b2f1943a31e78d154530c05278ae63de6da8d05c6626c0efc4ad2d654,43286,f3,8920382000000000000000000000000058c085439954d727e3bce1bce92a4126cc3b31df0000000000000000000000000000000000000000000000000000000000000001
0x7b326dad3459a7afc70fa97190f421412196a94ddedff0660b19444cf4627da4,71468,f1,fb84027400000000000000000000000058c085439954d727e3bce1bce92a4126cc3b31df0000000000000000000000000000000000000000000000000000000000000001
0xda12e88bd4b322489299980ef63131a9ae76bbf6c8521472ef2d3a8cc23bf385,36320,f2,db56ac6300000000000000000000000058c085439954d727e3bce1bce92a4126cc3b31df0000000000000000000000000000000000000000000000000000000000000001
0x479ff8a1a101cea8a416418262e6c5c387aae0326c635d0f27578eb38dfba23f,43286,f3,8920382000000000000000000000000058c085439954d727e3bce1bce92a4126cc3b31df0000000000000000000000000000000000000000000000000000000000000001
0xf35b4a6b6edfc607a9ff79f5e1e29169fa875c58096b0080b3fbcf02420cb077,71468,f1,fb84027400000000000000000000000058c085439954d727e3bce1bce92a4126cc3b31df0000000000000000000000000000000000000000000000000000000000000001
0xcb9e45c97b8352100263e2b12ae5894300c5bbf86eb1fd169ffb1ae4975ba65f,36320,f2,db56ac6300000000000000000000000058c085439954d727e3bce1bce92a4126cc3b31df0000000000000000000000000000000000000000000000000000000000000001
0x210abbdf689224ecddf3f514e2cbb190ececb2ff2372080713c45d0e652f9718,43286,f3,8920382000000000000000000000000058c085439954d727e3bce1bce92a4126cc3b31df0000000000000000000000000000000000000000000000000000000000000001
0x0257ead7d6c543d8faa745db435619b7d4c5aed4229d59a472d4951ad17694c6,71468,f1,fb84027400000000000000000000000058c085439954d727e3bce1bce92a4126cc3b31df0000000000000000000000000000000000000000000000000000000000000001
0x078d3853a670c361a0b98d9205386ceb1e49fc33644bc0f9e5ee5b9a6a1bf64f,36320,f2,db56ac6300000000000000000000000058c085439954d727e3bce1bce92a4126cc3b31df0000000000000000000000000000000000000000000000000000000000000001
0x2c45b680d2a6e8c719ddb681a10a1a33a92b7f60dc5f96d2e9db0d7566f9b90d,43286,f3,8920382000000000000000000000000058c085439954d727e3bce1bce92a4126cc3b31df0000000000000000000000000000000000000000000000000000000000000001
0x6f285128ace19bf9c277c6f80e6943c97bc2ef71dc216459fa87ef7628a92e86,71468,f1,fb84027400000000000000000000000058c085439954d727e3bce1bce92a4126cc3b31df0000000000000000000000000000000000000000000000000000000000000001
0x847d886fcd9f654277e9a4b694273411ee5408d87db6e1e6297859d570f28548,36320,f2,db56ac6300000000000000000000000058c085439954d727e3bce1bce92a4126cc3b31df0000000000000000000000000000000000000000000000000000000000000001
0x8f05c775bb0b31314f324cfb70b2485256693ceac260ea66154e7cded147472f,43286,f3,8920382000000000000000000000000058c085439954d727e3bce1bce92a4126cc3b31df0000000000000000000000000000000000000000000000000000000000000001
0xa88dbfdbf6e81a3cfb3ab167631c592208149e572413d7def0484081f8de88c6,71468,f1,fb84027400000000000000000000000058c085439954d727e3bce1bce92a4126cc3b31df0000000000000000000000000000000000000000000000000000000000000001
0xa1eff71623959ec878be9bdeccc385111c58774d4d88279276a6641a17f8b98f,36320,f2,db56ac6300000000000000000000000058c085439954d727e3bce1bce92a4126cc3b31df0000000000000000000000000000000000000000000000000000000000000001
0x22d5268f16867867069e8afc2ba9caf14cf4cf871f8a7f0517c819dee4e2d9cc,43286,f3,8920382000000000000000000000000058c085439954d727e3bce1bce92a4126cc3b31df0000000000000000000000000000000000000000000000000000000000000001
0xb10585626dc877e813fda24c6b9393e405456cb2cfd48ec2bdb1fb14d5136008,71468,f1,fb84027400000000000000000000000058c085439954d727e3bce1bce92a4126cc3b31df0000000000000000000000000000000000000000000000000000000000000001
0x70ad90de82ac5c1f291b64ccd8fde13495f393867bc650ec72c8c51867ca6bc7,36320,f2,db56ac6300000000000000000000000058c085439954d727e3bce1bce92a4126cc3b31df0000000000000000000000000000000000000000000000000000000000000001
0xb1b257d9f99bbc0cd2d624e2f4813622f6fd4419f79ca9cc35c3424f64887f16,43286,f3,8920382000000000000000000000000058c085439954d727e3bce1bce92a4126cc3b31df0000000000000000000000000000000000000000000000000000000000000001
0xdc882ed6f01cba39cde3f756a2822658825a00c4e646ca355e09e1042ed194f0,71468,f1,fb84027400000000000000000000000058c085439954d727e3bce1bce92a4126cc3b31df0000000000000000000000000000000000000000000000000000000000000001
0x4b299d72f31b0d953a1c9ae9b9a6477c0cd8af6f5cf3184c47fa35945d67acfd,36320,f2,db56ac6300000000000000000000000058c085439954d727e3bce1bce92a4126cc3b31df0000000000000000000000000000000000000000000000000000000000000001
0x99e8911a51f08794a90dc42bafd282b2db64b93783d9c4d60cdc4151666d407b,43286,f3,8920382000000000000000000000000058c085439954d727e3bce1bce92a4126cc3b31df0000000000000000000000000000000000000000000000000000000000000001
0x3ddbb1ba0c0a64f6fd10dd9ea95c6885eec3f07183a430ef54939825f03f112c,71468,f1,fb84027400000000000000000000000058c085439954d727e3bce1bce92a4126cc3b31df0000000000000000000000000000000000000000000000000000000000000001
0xba429d435635f2d4facdfc812072f4d902aeb7a570281e0594ef18ecf71451b1,36320,f2,db56ac6300000000000000000000000058c085439954d727e3bce1bce92a4126cc3b31df0000000000000000000000000000000000000000000000000000000000000001
0x8b83870c561f569cd1b8dfce9508745a5b0f9a1f2cde264a96b9a358868a8bae,43286,f3,8920382000000000000000000000000058c085439954d727e3bce1bce92a4126cc3b31df0000000000000000000000000000000000000000000000000000000000000001
0x0f63d3ab686a8f94334f5ce17b06674a2b02ae653eba77aba78711ab6ab2b441,71468,f1,fb84027400000000000000000000000058c085439954d727e3bce1bce92a4126cc3b31df0000000000000000000000000000000000000000000000000000000000000001
0xa35c9073d6fa4631889bd3e1ddbfd72e1bc16e9579739118c3d58aa0aa145617,36320,f2,db56ac6300000000000000000000000058c085439954d727e3bce1bce92a4126cc3b31df0000000000000000000000000000000000000000000000000000000000000001
0xd343bf3a34da25d5f3f050655134360a9c667abb70d510fd9a36907293ba7e9a,43286,f3,8920382000000000000000000000000058c085439954d727e3bce1bce92a4126cc3b31df0000000000000000000000000000000000000000000000000000000000000001
0xb2abbdc9ac485cbd1240b6393a7ea7a0fabc17d4b727a934c59ed658408f938a,71468,f1,fb84027400000000000000000000000058c085439954d727e3bce1bce92a4126cc3b31df0000000000000000000000000000000000000000000000000000000000000001
0xbc93215a02a607edce475e7a0c5664f37fd51662ecdcf7f0ee865670aaddaead,36320,f2,db56ac6300000000000000000000000058c085439954d727e3bce1bce92a4126cc3b31df0000000000000000000000000000000000000000000000000000000000000001
0x06b9ae432d13f6b139f64089f33b1749e851a18c118f4fece4c883630d785107,43286,f3,8920382000000000000000000000000058c085439954d727e3bce1bce92a4126cc3b31df0000000000000000000000000000000000000000000000000000000000000001
0xd6e707a226506297e9d3b910185b08e4374305491b6a7bcb430946db84ae14db,71468,f1,fb84027400000000000000000000000058c085439954d727e3bce1bce92a4126cc3b31df0000000000000000000000000000000000000000000000000000000000000001
0xae2380b502708c09194954fe888fa2187b431306309c186219b1205ad5aea316,36320,f2,db56ac6300000000000000000000000058c085439954d727e3bce1bce92a4126cc3b31df0000000000000000000000000000000000000000000000000000000000000001
0x69673a8508268563880c815cddf9ed7ca6abbf06ecbe64f80a959d57feada6e0,43286,f3,8920382000000000000000000000000058c085439954d727e3bce1bce92a4126cc3b31df0000000000000000000000000000000000000000000000000000000000000001
0x18c2275517f599bc1140b60c66b4d80087fed2c804d3bd675aa9fdf3f4569271,71468,f1,fb84027400000000000000000000000058c085439954d727e3bce1bce92a4126cc3b31df0000000000000000000000000000000000000000000000000000000000000001
0x6addf0639045f604b33032417b1183c45197cb042dc4aa4d43c0d0eaa9eb923d,36320,f2,db56ac6300000000000000000000000058c085439954d727e3bce1bce92a4126cc3b31df0000000000000000000000000000000000000000000000000000000000000001
0xea46bd7c8e71e0d77d8afb7d5986808e158d208001f9277d96f5a07b02a95a63,43286,f3,8920382000000000000000000000000058c085439954d727e3bce1bce92a4126cc3b31df0000000000000000000000000000000000000000000000000000000000000001
0x2076389030a5b4973a48c0a0f40a1b39d436033415f79803c197c418eedef64a,71468,f1,fb84027400000000000000000000000058c085439954d727e3bce1bce92a4126cc3b31df0000000000000000000000000000000000000000000000000000000000000001
0x66df27cd5bbba93937c41dfcde4f1324c40ea049aab61dd9973eb6193117f2b5,36320,f2,db56ac6300000000000000000000000058c085439954d727e3bce1bce92a4126cc3b31df0000000000000000000000000000000000000000000000000000000000000001
0xfa26fe100b6109393f91339119e1dfe1963e3879491e2bae9870d6b91720a8f0,43286,f3,8920382000000000000000000000000058c085439954d727e3bce1bce92a4126cc3b31df0000000000000000000000000000000000000000000000000000000000000001
0x92978c020eb7254fd6621a27cc353158e8eeb7020777e9a9458f2326181c1d30,71468,f1,fb84027400000000000000000000000058c085439954d727e3bce1bce92a4126cc3b31df0000000000000000000000000000000000000000000000000000000000000001
0x6616ac1fd0fcecc8335b026f612d4ed419d57d6039be27e247ad201bf66e4ef3,36320,f2,db56ac6300000000000000000000000058c085439954d727e3bce1bce92a4126cc3b31df0000000000000000000000000000000000000000000000000000000000000001
0x30ee77d7ddeabe22e75957c4470cb61e0bdd76e17cd96b626d0e9d15d9b30390,43286,f3,8920382000000000000000000000000058c085439954d727e3bce1bce92a4126cc3b31df0000000000000000000000000000000000000000000000000000000000000001
0x76b3c22ad84080f2b471e1c3809d1b635dca654bda35e6df8553b380490c6468,71468,f1,fb84027400000000000000000000000058c085439954d727e3bce1bce92a4126cc3b31df0000000000000000000000000000000000000000000000000000000000000001
0x2deffa4014477187ef2d69e1be031c16df9692f0f25897c416d3bbc8462ca3c2,36320,f2,db56ac6300000000000000000000000058c085439954d727e3bce1bce92a4126cc3b31df0000000000000000000000000000000000000000000000000000000000000001
0xbcb8e936755a75c1032c4f3ef4e5799dc39ce2624707f75e2e7d70c65eb09940,43286,f3,8920382000000000000000000000000058c085439954d727e3bce1bce92a4126cc3b31df0000000000000000000000000000000000000000000000000000000000000001
0xef9c7bbae9185f6dd1387ff7b040ef18c659b661d7ee87f4167ecbad57b5d251,71468,f1,fb84027400000000000000000000000058c085439954d727e3bce1bce92a4126cc3b31df0000000000000000000000000000000000000000000000000000000000000001
0xfa44a9d5ce7c1f2d54744c119d26180ebbc5f9e405f0d4e51f609121744d7d2b,36320,f2,db56ac6300000000000000000000000058c085439954d727e3bce1bce92a4126cc3b31df0000000000000000000000000000000000000000000000000000000000000001
0x5c45a0819b88dd174d21919a918537ec135be2cda96b8e6d8256ac3083a538e7,43286,f3,8920382000000000000000000000000058c085439954d727e3bce1bce92a4126cc3b31df0000000000000000000000000000000000000000000000000000000000000001
0x8fe9ce5135d10c2087e947ad1c7e0f5241d0dd386b51b02910a6a445b10dd221,71468,f1,fb84027400000000000000000000000058c085439954d727e3bce1bce92a4126cc3b31df0000000000000000000000000000000000000000000000000000000000000001
0xdc32731046da7e66fb36a9f094f604edeb9ff77a3352603a2b92d4e81d709d9d,36320,f2,db56ac6300000000000000000000000058c085439954d727e3bce1bce92a4126cc3b31df0000000000000000000000000000000000000000000000000000000000000001
0xe3576be4a26398dad4188b49e17a2348cf63dda8ce3d9a76240b8634d3e1cb70,43286,f3,8920382000000000000000000000000058c085439954d727e3bce1bce92a4126cc3b31df0000000000000000000000000000000000000000000000000000000000000001
0xec614faa7cd7036416b9ab2036470c81e94cc770199af60307c1c77bfb669de8,71468,f1,fb84027400000000000000000000000058c085439954d727e3bce1bce92a4126cc3b31df0000000000000000000000000000000000000000000000000000000000000001
0x6585ed52cc56db3d63a7488f7e8325df024080f6c4d010b86833a9adf2bdb8e9,36320,f2,db56ac6300000000000000000000000058c085439954d727e3bce1bce92a4126cc3b31df0000000000000000000000000000000000000000000000000000000000000001
0x406e96d5fd22a6e6300e69d059e25a9d0182add2ddf52028fcf2fcb0b67e2487,43286,f3,8920382000000000000000000000000058c085439954d727e3bce1bce92a4126cc3b31df0000000000000000000000000000000000000000000000000000000000000001
0xe38644f56545dd8b17f799dc4339b07c69a48f96f333e4ab7ad72034ea4d4816,71468,f1,fb84027400000000000000000000000058c085439954d727e3bce1bce92a4126cc3b31df0000000000000000000000000000000000000000000000000000000000000001
0xb6050c6585eb4cefd2ae1fecf893451a70f14bead13a729092981579aa34572f,36320,f2,db56ac6300000000000000000000000058c085439954d727e3bce1bce92a4126cc3b31df0000000000000000000000000000000000000000000000000000000000000001
0x8e3a1f1e3a7123e646363d42055432eba192e99f1076d26f252486d2d57c5a44,43286,f3,8920382000000000000000000000000058c085439954d727e3bce1bce92a4126cc3b31df0000000000000000000000000000000000000000000000000000000000000001
0x12aebab6fd45691b249c802564f84e4642e271825b3b74b44a7d6d8f3353dc31,71468,f1,fb84027400000000000000000000000058c085439954d727e3bce1bce92a4126cc3b31df0000000000000000000000000000000000000000000000000000000000000001
0x8a91f186c595bb21d95fe3b4400b706579219f76a2d08e089b26142029d0593b,36320,f2,db56ac6300000000000000000000000058c085439954d727e3bce1bce92a4126cc3b31df0000000000000000000000000000000000000000000000000000000000000001
0x0fba8124015db48fdf1b25f44ce56bc1897a74a1b94a37039fff17d8593f5151,43286,f3,8920382000000000000000000000000058c085439954d727e3bce1bce92a4126cc3b31df0000000000000000000000000000000000000000000000000000000000000001
0x27bbe087f07d59e84e24d77797e224340bc81f6815d3f60167e7e97542e17b1c,71468,f1,fb84027400000000000000000000000058c085439954d727e3bce1bce92a4126cc3b31df0000000000000000000000000000000000000000000000000000000000000001
0x6b7c4b3611e0b0e0f192a0c1b9972234ff46b3152a1fa295f137301bcb151842,36320,f2,db56ac6300000000000000000000000058c085439954d727e3bce1bce92a4126cc3b31df0000000000000000000000000000000000000000000000000000000000000001
0x72dc6fe2b68ef4a931695a1c571496834c370eea86a6b00c39366e092c162d20,43286,f3,8920382000000000000000000000000058c085439954d727e3bce1bce92a4126cc3b31df0000000000000000000000000000000000000000000000000000000000000001
0x24cc3d737f917ed9274d49d8dcc53e7ddf6f2691c17bb0443b14f726d5c68623,71468,f1,fb84027400000000000000000000000058c085439954d727e3bce1bce92a4126cc3b31df0000000000000000000000000000000000000000000000000000000000000001
0x516464a6ca4f69a232cb7a78df478929bff9e48c3d33e157d3042ef7a2b8b04a,36320,f2,db56ac6300000000000000000000000058c085439954d727e3bce1bce92a4126cc3b31df0000000000000000000000000000000000000000000000000000000000000001
0x44e2a79d98615840ebf9711ad359050b1a67a6e30632a0ac25c548a4461d12cc,43286,f3,8920382000000000000000000000000058c085439954d727e3bce1bce92a4126cc3b31df0000000000000000000000000000000000000000000000000000000000000001
0x87078cbd936e1f02d69b7d5faf579e4b0a78a7d4b401da53629544e742d5984c,71468,f1,fb84027400000000000000000000000058c085439954d727e3bce1bce92a4126cc3b31df0000000000000000000000000000000000000000000000000000000000000001
0xb1c37811ef0d991740aec670d102d5e693f10f90660c03480d7f5cfc617da05a,36320,f2,db56ac6300000000000000000000000058c085439954d727e3bce1bce92a4126cc3b31df0000000000000000000000000000000000000000000000000000000000000001
0xc8b3031bd57085224ae9eb87184f4da795fafb90bc0b27f674ec24152167c8d1,43286,f3,8920382000000000000000000000000058c085439954d727e3bce1bce92a4126cc3b31df0000000000000000000000000000000000000000000000000000000000000001
0xd07b558cbee8a344636a9fc1fec06026de5a0c7d65b4faeaa56baa9aa49d886a,71468,f1,fb84027400000000000000000000000058c085439954d727e3bce1bce92a4126cc3b31df0000000000000000000000000000000000000000000000000000000000000001
0x6072b1a81195aa576e1f3f818ee4212bcbf2d94baaef9bb9847f7a5867a870a4,36320,f2,db56ac6300000000000000000000000058c085439954d727e3bce1bce92a4126cc3b31df0000000000000000000000000000000000000000000000000000000000000001
0xaa70c10d5972c664d1b67f3cd647312796d884110e1f32f0642a755f47954e81,43286,f3,8920382000000000000000000000000058c085439954d727e3bce1bce92a4126cc3b31df0000000000000000000000000000000000000000000000000000000000000001
0x6e8079a0f43631c88066289b54d35eb77dab75996eefca5d2cd08376aaaf0b2c,71468,f1,fb84027400000000000000000000000058c085439954d727e3bce1bce92a4126cc3b31df0000000000000000000000000000000000000000000000000000000000000001
0xe5f93231fb71cf00bc9bfbbe1e3c27e5b7d182ef4cbfc85e1afd0cc8b935a9d9,36320,f2,db56ac6300000000000000000000000058c085439954d727e3bce1bce92a4126cc3b31df0000000000000000000000000000000000000000000000000000000000000001
0xf6291a3e24b3fecaced9f773e0fcc08b3eb17450373e4e0e61ab733f99d59e4f,43286,f3,8920382000000000000000000000000058c085439954d727e3bce1bce92a4126cc3b31df0000000000000000000000000000000000000000000000000000000000000001
0xe14fe53be38702198e5d898836fe4034bb196892ef763f8dcb8d0bb44bfaf6fb,71468,f1,fb84027400000000000000000000000058c085439954d727e3bce1bce92a4126cc3b31df0000000000000000000000000000000000000000000000000000000000000001
0x3294cb8168b1b52e1951e50fd055b4a08614ba5a69c7972a1020b999fcde2b4e,36320,f2,db56ac6300000000000000000000000058c085439954d727e3bce1bce92a4126cc3b31df0000000000000000000000000000000000000000000000000000000000000001
0xe62d256dcc5ac0243c28bb742f1a8c45ef242c4817890d8d465e0559bc4da02c,43286,f3,8920382000000000000000000000000058c085439954d727e3bce1bce92a4126cc3b31df0000000000000000000000000000000000000000000000000000000000000001
